{"cameraMode":{"drawMode":0,"name":"Shaded","section":"Shading Mode"},"sceneLighting":false,"audioPlay":false,"sceneViewState":{"m_AlwaysRefresh":false,"showFog":false,"showSkybox":false,"showFlares":false,"showImageEffects":false,"showParticleSystems":false,"showVisualEffectGraphs":true,"m_FxEnabled":true},"in2DMode":false,"pivot":{"x":0.36658692359924319,"y":0.9168624877929688,"z":0.0015014410018920899},"rotation":{"x":-0.14972229301929475,"y":-0.7866626977920532,"z":0.21019145846366883,"w":-0.5610014200210571},"size":1.428486943244934,"orthographic":false}