{"cameraMode":{"drawMode":0,"name":"Shaded","section":"Shading Mode"},"sceneLighting":false,"audioPlay":false,"sceneViewState":{"m_AlwaysRefresh":false,"showFog":true,"showSkybox":false,"showFlares":true,"showImageEffects":true,"showParticleSystems":true,"showVisualEffectGraphs":true,"m_FxEnabled":true},"in2DMode":false,"pivot":{"x":0.6538175344467163,"y":0.5276502966880798,"z":0.4027116596698761},"rotation":{"x":0.027585897594690324,"y":0.9663164019584656,"z":-0.11741252988576889,"w":0.2275833636522293},"size":1.083337664604187,"orthographic":false}