{"cameraMode":{"drawMode":0,"name":"Shaded","section":"Shading Mode"},"sceneLighting":false,"audioPlay":false,"sceneViewState":{"m_AlwaysRefresh":false,"showFog":true,"showSkybox":false,"showFlares":true,"showImageEffects":true,"showParticleSystems":true,"showVisualEffectGraphs":true,"m_FxEnabled":true},"in2DMode":false,"pivot":{"x":-5.7116193771362309,"y":2.457742691040039,"z":11.635501861572266},"rotation":{"x":0.14423629641532899,"y":-0.0459974966943264,"z":0.006708999630063772,"w":0.9884563088417053},"size":10.727890968322754,"orthographic":false}