{"cameraMode":{"drawMode":0,"name":"Shaded","section":"Shading Mode"},"sceneLighting":false,"audioPlay":false,"sceneViewState":{"m_AlwaysRefresh":false,"showFog":true,"showSkybox":true,"showFlares":true,"showImageEffects":true,"showParticleSystems":true,"showVisualEffectGraphs":true,"m_FxEnabled":true},"in2DMode":false,"pivot":{"x":0.33683764934539797,"y":1.507561445236206,"z":2.2882089614868166},"rotation":{"x":-0.061595428735017779,"y":-0.6764367818832398,"z":0.05697249993681908,"w":-0.7317384481430054},"size":0.9250779151916504,"orthographic":false}