{"cameraMode":{"drawMode":0,"name":"Shaded","section":"Shading Mode"},"sceneLighting":true,"audioPlay":false,"sceneViewState":{"m_AlwaysRefresh":false,"showFog":true,"showSkybox":true,"showFlares":true,"showImageEffects":true,"showParticleSystems":true,"showVisualEffectGraphs":true,"m_FxEnabled":true},"in2DMode":false,"pivot":{"x":7.639673709869385,"y":-1.6094810962677003,"z":0.22477340698242188},"rotation":{"x":0.059321336448192599,"y":0.9327725768089294,"z":-0.18074250221252442,"w":0.30612215399742129},"size":16.4969539642334,"orthographic":false}