{"cameraMode":{"drawMode":0,"name":"Shaded","section":"Shading Mode"},"sceneLighting":true,"audioPlay":false,"sceneViewState":{"m_AlwaysRefresh":false,"showFog":true,"showSkybox":true,"showFlares":true,"showImageEffects":true,"showParticleSystems":true,"showVisualEffectGraphs":true,"m_FxEnabled":true},"in2DMode":false,"pivot":{"x":-1.8947889804840088,"y":0.8335198760032654,"z":14.206551551818848},"rotation":{"x":0.043945103883743289,"y":-0.8521528840065002,"z":0.07252071052789688,"w":0.5163782835006714},"size":1.5926103591918946,"orthographic":false}