{"cameraMode":{"drawMode":0,"name":"Shaded","section":"Shading Mode"},"sceneLighting":true,"audioPlay":false,"sceneViewState":{"m_AlwaysRefresh":false,"showFog":true,"showSkybox":true,"showFlares":true,"showImageEffects":true,"showParticleSystems":true,"showVisualEffectGraphs":true,"m_FxEnabled":true},"in2DMode":false,"pivot":{"x":3.1793711185455324,"y":-1.418900728225708,"z":-1.1442561149597169},"rotation":{"x":0.06027383357286453,"y":0.6738663911819458,"z":-0.05531110242009163,"w":0.7343118190765381},"size":1.6001328229904175,"orthographic":false}