{"cameraMode":{"drawMode":0,"name":"Shaded","section":"Shading Mode"},"sceneLighting":false,"audioPlay":false,"sceneViewState":{"m_AlwaysRefresh":false,"showFog":true,"showSkybox":true,"showFlares":true,"showImageEffects":true,"showParticleSystems":true,"showVisualEffectGraphs":true,"m_FxEnabled":true},"in2DMode":false,"pivot":{"x":-5.236088275909424,"y":0.6276910305023193,"z":10.883585929870606},"rotation":{"x":0.022485235705971719,"y":0.9645103812217712,"z":-0.24985899031162263,"w":0.08608993142843247},"size":0.47506770491600039,"orthographic":false}