{"cameraMode":{"drawMode":0,"name":"Shaded","section":"Shading Mode"},"sceneLighting":false,"audioPlay":false,"sceneViewState":{"m_AlwaysRefresh":false,"showFog":true,"showSkybox":false,"showFlares":true,"showImageEffects":true,"showParticleSystems":true,"showVisualEffectGraphs":true,"m_FxEnabled":true},"in2DMode":false,"pivot":{"x":0.1699138581752777,"y":0.2924932837486267,"z":0.15029725432395936},"rotation":{"x":-0.12591663002967835,"y":-0.8526716828346252,"z":0.4465418756008148,"w":-0.24069561064243318},"size":0.4170103967189789,"orthographic":false}