{"cameraMode":{"drawMode":0,"name":"Shaded","section":"Shading Mode"},"sceneLighting":false,"audioPlay":false,"sceneViewState":{"m_AlwaysRefresh":false,"showFog":true,"showSkybox":false,"showFlares":true,"showImageEffects":true,"showParticleSystems":true,"showVisualEffectGraphs":true,"m_FxEnabled":true},"in2DMode":false,"pivot":{"x":0.004517734050750732,"y":0.47750353813171389,"z":0.07370151579380036},"rotation":{"x":-0.05139486864209175,"y":0.9271940588951111,"z":-0.34424322843551638,"w":-0.13842903077602387},"size":0.8530290722846985,"orthographic":false}