{"cameraMode":{"drawMode":0,"name":"Shaded","section":"Shading Mode"},"sceneLighting":false,"audioPlay":false,"sceneViewState":{"m_AlwaysRefresh":false,"showFog":true,"showSkybox":false,"showFlares":true,"showImageEffects":true,"showParticleSystems":true,"showVisualEffectGraphs":true,"m_FxEnabled":true},"in2DMode":false,"pivot":{"x":-0.0014883726835250855,"y":0.5945056080818176,"z":-0.066790372133255},"rotation":{"x":-0.10499347746372223,"y":-0.8526163697242737,"z":0.18785807490348817,"w":-0.4762232303619385},"size":0.6829846501350403,"orthographic":false}