{"cameraMode":{"drawMode":0,"name":"Shaded","section":"Shading Mode"},"sceneLighting":false,"audioPlay":false,"sceneViewState":{"m_AlwaysRefresh":false,"showFog":false,"showSkybox":false,"showFlares":false,"showImageEffects":false,"showParticleSystems":false,"showVisualEffectGraphs":true,"m_FxEnabled":true},"in2DMode":false,"pivot":{"x":0.04260697960853577,"y":0.8449409604072571,"z":0.07935452461242676},"rotation":{"x":-0.19448211789131165,"y":-0.35170483589172366,"z":0.07508586347103119,"w":-0.9126886129379273},"size":1.3291466236114503,"orthographic":false}