{"cameraMode":{"drawMode":0,"name":"Shaded","section":"Shading Mode"},"sceneLighting":false,"audioPlay":false,"sceneViewState":{"m_AlwaysRefresh":false,"showFog":true,"showSkybox":false,"showFlares":true,"showImageEffects":true,"showParticleSystems":true,"showVisualEffectGraphs":true,"m_FxEnabled":true},"in2DMode":false,"pivot":{"x":1.1721680164337159,"y":0.27303409576416018,"z":0.7253758907318115},"rotation":{"x":-0.22454489767551423,"y":-0.5451738834381104,"z":0.1544106900691986,"w":-0.7928082346916199},"size":1.8895007371902466,"orthographic":false}