{"cameraMode":{"drawMode":0,"name":"Shaded","section":"Shading Mode"},"sceneLighting":false,"audioPlay":false,"sceneViewState":{"m_AlwaysRefresh":false,"showFog":true,"showSkybox":false,"showFlares":true,"showImageEffects":true,"showParticleSystems":true,"showVisualEffectGraphs":true,"m_FxEnabled":true},"in2DMode":false,"pivot":{"x":0.016410257667303087,"y":0.08903329074382782,"z":-0.037778377532958987},"rotation":{"x":-0.006894756108522415,"y":-0.983903169631958,"z":0.17598247528076173,"w":-0.03773149102926254},"size":0.350809782743454,"orthographic":false}