{"cameraMode":{"drawMode":0,"name":"Shaded","section":"Shading Mode"},"sceneLighting":false,"audioPlay":false,"sceneViewState":{"m_AlwaysRefresh":false,"showFog":true,"showSkybox":false,"showFlares":true,"showImageEffects":true,"showParticleSystems":true,"showVisualEffectGraphs":true,"m_FxEnabled":true},"in2DMode":false,"pivot":{"x":-6.862869739532471,"y":-0.9895292520523071,"z":3.363924980163574},"rotation":{"x":-0.010544453747570515,"y":0.6193849444389343,"z":0.008442142978310585,"w":0.7852690815925598},"size":2.3419716358184816,"orthographic":false}