{"cameraMode":{"drawMode":0,"name":"Shaded","section":"Shading Mode"},"sceneLighting":false,"audioPlay":false,"sceneViewState":{"m_AlwaysRefresh":false,"showFog":true,"showSkybox":false,"showFlares":true,"showImageEffects":true,"showParticleSystems":true,"showVisualEffectGraphs":true,"m_FxEnabled":true},"in2DMode":false,"pivot":{"x":-1.006158471107483,"y":1.3367431163787842,"z":-0.4894999861717224},"rotation":{"x":0.1381513476371765,"y":-0.06531745195388794,"z":0.009125384502112866,"w":0.9882205724716187},"size":1.7586122751235963,"orthographic":false}