{"cameraMode":{"drawMode":0,"name":"Shaded","section":"Shading Mode"},"sceneLighting":false,"audioPlay":false,"sceneViewState":{"m_AlwaysRefresh":false,"showFog":false,"showSkybox":false,"showFlares":false,"showImageEffects":false,"showParticleSystems":false,"showVisualEffectGraphs":true,"m_FxEnabled":true},"in2DMode":false,"pivot":{"x":-0.0016663670539855958,"y":0.8574250936508179,"z":-0.017190270125865938},"rotation":{"x":0.37090614438056948,"y":-0.14399980008602143,"z":0.05833769589662552,"w":0.9155845046043396},"size":0.8660253882408142,"orthographic":false}